{"v":"5.2.0","fr":30,"ip":0,"op":60,"w":1252,"h":645,"nm":"14","ddd":0,"assets":[{"id":"image_0","w":378,"h":276,"u":"/","p":"img_0.png","e":0},{"id":"image_1","w":532,"h":183,"u":"/","p":"img_1.png","e":0},{"id":"image_2","w":519,"h":432,"u":"/","p":"img_2.png","e":0},{"id":"image_3","w":998,"h":324,"u":"/","p":"img_3.png","e":0}],"layers":[{"ddd":0,"ind":1,"ty":4,"nm":"\r1","sr":0.7,"ks":{"o":{"a":0,"k":100,"ix":11},"r":{"a":0,"k":0,"ix":10},"p":{"a":0,"k":[724.25,264.365,0],"ix":2},"a":{"a":0,"k":[-93,-23.635,0],"ix":1},"s":{"a":0,"k":[93,93,100],"ix":6}},"ao":0,"shapes":[{"ty":"gr","it":[{"ty":"sr","sy":1,"d":1,"pt":{"a":0,"k":5,"ix":3},"p":{"a":0,"k":[0,0],"ix":4},"r":{"a":0,"k":0,"ix":5},"ir":{"a":0,"k":10,"ix":6},"is":{"a":0,"k":20,"ix":8},"or":{"a":0,"k":5.035,"ix":7},"os":{"a":0,"k":-125,"ix":9},"ix":1,"nm":"\r6666","mn":"ADBE Vector Shape - Star","hd":false},{"ty":"fl","c":{"a":0,"k":[1,0.97322922945,0.579702854156,1],"ix":4},"o":{"a":0,"k":100,"ix":5},"r":1,"nm":"\rtiancheng6","mn":"ADBE Vector Graphic - Fill","hd":false},{"ty":"tr","p":{"a":0,"k":[-93,-23.25],"ix":2},"a":{"a":0,"k":[0,0],"ix":1},"s":{"a":1,"k":[{"i":{"x":[0.667,0.667],"y":[1,1]},"o":{"x":[0.333,0.333],"y":[0,0]},"n":["0p667_1_0p333_0","0p667_1_0p333_0"],"t":26,"s":[9,9],"e":[145,145]},{"t":44.000390625}],"ix":3},"r":{"a":0,"k":34,"ix":6},"o":{"a":1,"k":[{"i":{"x":[0.667],"y":[1]},"o":{"x":[0.333],"y":[0]},"n":["0p667_1_0p333_0"],"t":26,"s":[0],"e":[100]},{"i":{"x":[0.667],"y":[1]},"o":{"x":[0.333],"y":[0]},"n":["0p667_1_0p333_0"],"t":35.1,"s":[100],"e":[0]},{"t":44.000390625}],"ix":7},"sk":{"a":0,"k":0,"ix":4},"sa":{"a":0,"k":0,"ix":5},"nm":"变换"}],"nm":"\rxingxing6","np":2,"cix":2,"ix":1,"mn":"ADBE Vector Group","hd":false}],"ip":26,"op":44,"st":26,"bm":0},{"ddd":0,"ind":2,"ty":4,"nm":"\r2","sr":0.7,"ks":{"o":{"a":0,"k":100,"ix":11},"r":{"a":0,"k":0,"ix":10},"p":{"a":0,"k":[1102.75,134.365,0],"ix":2},"a":{"a":0,"k":[-93,-23.635,0],"ix":1},"s":{"a":0,"k":[93,93,100],"ix":6}},"ao":0,"shapes":[{"ty":"gr","it":[{"ty":"sr","sy":1,"d":1,"pt":{"a":0,"k":5,"ix":3},"p":{"a":0,"k":[0,0],"ix":4},"r":{"a":0,"k":0,"ix":5},"ir":{"a":0,"k":10,"ix":6},"is":{"a":0,"k":20,"ix":8},"or":{"a":0,"k":5.035,"ix":7},"os":{"a":0,"k":-125,"ix":9},"ix":1,"nm":"\r5555","mn":"ADBE Vector Shape - Star","hd":false},{"ty":"fl","c":{"a":0,"k":[1,0.96862745285,0.537254929543,1],"ix":4},"o":{"a":0,"k":100,"ix":5},"r":1,"nm":"\rtiancheng5","mn":"ADBE Vector Graphic - Fill","hd":false},{"ty":"tr","p":{"a":0,"k":[-93,-23.25],"ix":2},"a":{"a":0,"k":[0,0],"ix":1},"s":{"a":1,"k":[{"i":{"x":[0.667,0.667],"y":[1,1]},"o":{"x":[0.333,0.333],"y":[0,0]},"n":["0p667_1_0p333_0","0p667_1_0p333_0"],"t":34,"s":[9,9],"e":[145,145]},{"t":52.000390625}],"ix":3},"r":{"a":0,"k":34,"ix":6},"o":{"a":1,"k":[{"i":{"x":[0.667],"y":[1]},"o":{"x":[0.333],"y":[0]},"n":["0p667_1_0p333_0"],"t":34,"s":[0],"e":[100]},{"i":{"x":[0.667],"y":[1]},"o":{"x":[0.333],"y":[0]},"n":["0p667_1_0p333_0"],"t":43.1,"s":[100],"e":[0]},{"t":52.000390625}],"ix":7},"sk":{"a":0,"k":0,"ix":4},"sa":{"a":0,"k":0,"ix":5},"nm":"变换"}],"nm":"xingxing5","np":2,"cix":2,"ix":1,"mn":"ADBE Vector Group","hd":false}],"ip":34,"op":52,"st":34,"bm":0},{"ddd":0,"ind":3,"ty":4,"nm":"\r4","sr":0.7,"ks":{"o":{"a":0,"k":100,"ix":11},"r":{"a":0,"k":0,"ix":10},"p":{"a":0,"k":[1048.75,184.365,0],"ix":2},"a":{"a":0,"k":[-93,-23.635,0],"ix":1},"s":{"a":0,"k":[93,93,100],"ix":6}},"ao":0,"shapes":[{"ty":"gr","it":[{"ty":"sr","sy":1,"d":1,"pt":{"a":0,"k":5,"ix":3},"p":{"a":0,"k":[0,0],"ix":4},"r":{"a":0,"k":0,"ix":5},"ir":{"a":0,"k":10,"ix":6},"is":{"a":0,"k":20,"ix":8},"or":{"a":0,"k":5.035,"ix":7},"os":{"a":0,"k":-125,"ix":9},"ix":1,"nm":"\r3333","mn":"ADBE Vector Shape - Star","hd":false},{"ty":"fl","c":{"a":0,"k":[1,0.960784316063,0.494117647409,1],"ix":4},"o":{"a":0,"k":100,"ix":5},"r":1,"nm":"\rtiancheng3","mn":"ADBE Vector Graphic - Fill","hd":false},{"ty":"tr","p":{"a":0,"k":[-93,-23.25],"ix":2},"a":{"a":0,"k":[0,0],"ix":1},"s":{"a":1,"k":[{"i":{"x":[0.667,0.667],"y":[1,1]},"o":{"x":[0.333,0.333],"y":[0,0]},"n":["0p667_1_0p333_0","0p667_1_0p333_0"],"t":19,"s":[9,9],"e":[145,145]},{"t":37.000390625}],"ix":3},"r":{"a":0,"k":34,"ix":6},"o":{"a":1,"k":[{"i":{"x":[0.667],"y":[1]},"o":{"x":[0.333],"y":[0]},"n":["0p667_1_0p333_0"],"t":19,"s":[0],"e":[100]},{"i":{"x":[0.667],"y":[1]},"o":{"x":[0.333],"y":[0]},"n":["0p667_1_0p333_0"],"t":28.1,"s":[100],"e":[0]},{"t":37.000390625}],"ix":7},"sk":{"a":0,"k":0,"ix":4},"sa":{"a":0,"k":0,"ix":5},"nm":"变换"}],"nm":"\rxingxing3","np":2,"cix":2,"ix":1,"mn":"ADBE Vector Group","hd":false}],"ip":19,"op":37,"st":19,"bm":0},{"ddd":0,"ind":4,"ty":4,"nm":"\r56","sr":0.7,"ks":{"o":{"a":0,"k":100,"ix":11},"r":{"a":0,"k":0,"ix":10},"p":{"a":0,"k":[295.75,345.365,0],"ix":2},"a":{"a":0,"k":[-93,-23.635,0],"ix":1},"s":{"a":0,"k":[92.077,92.077,100],"ix":6}},"ao":0,"shapes":[{"ty":"gr","it":[{"ty":"sr","sy":1,"d":1,"pt":{"a":0,"k":5,"ix":3},"p":{"a":0,"k":[0,0],"ix":4},"r":{"a":0,"k":0,"ix":5},"ir":{"a":0,"k":10,"ix":6},"is":{"a":0,"k":20,"ix":8},"or":{"a":0,"k":5.035,"ix":7},"os":{"a":0,"k":-125,"ix":9},"ix":1,"nm":"\r2222","mn":"ADBE Vector Shape - Star","hd":false},{"ty":"fl","c":{"a":0,"k":[1,0.952941179276,0.450980395079,1],"ix":4},"o":{"a":0,"k":100,"ix":5},"r":1,"nm":"\rtiancheng2","mn":"ADBE Vector Graphic - Fill","hd":false},{"ty":"tr","p":{"a":0,"k":[-93,-23.25],"ix":2},"a":{"a":0,"k":[0,0],"ix":1},"s":{"a":1,"k":[{"i":{"x":[0.667,0.667],"y":[1,1]},"o":{"x":[0.333,0.333],"y":[0,0]},"n":["0p667_1_0p333_0","0p667_1_0p333_0"],"t":16,"s":[9,9],"e":[145,145]},{"t":34.000390625}],"ix":3},"r":{"a":0,"k":34,"ix":6},"o":{"a":1,"k":[{"i":{"x":[0.667],"y":[1]},"o":{"x":[0.333],"y":[0]},"n":["0p667_1_0p333_0"],"t":16,"s":[0],"e":[100]},{"i":{"x":[0.667],"y":[1]},"o":{"x":[0.333],"y":[0]},"n":["0p667_1_0p333_0"],"t":25.1,"s":[100],"e":[0]},{"t":34.000390625}],"ix":7},"sk":{"a":0,"k":0,"ix":4},"sa":{"a":0,"k":0,"ix":5},"nm":"变换"}],"nm":"\rxingxing2","np":2,"cix":2,"ix":1,"mn":"ADBE Vector Group","hd":false}],"ip":16,"op":34,"st":16,"bm":0},{"ddd":0,"ind":5,"ty":4,"nm":"\r5","sr":0.7,"ks":{"o":{"a":0,"k":100,"ix":11},"r":{"a":0,"k":0,"ix":10},"p":{"a":0,"k":[196.75,241.365,0],"ix":2},"a":{"a":0,"k":[-93,-23.635,0],"ix":1},"s":{"a":0,"k":[132,132,100],"ix":6}},"ao":0,"shapes":[{"ty":"gr","it":[{"ty":"sr","sy":1,"d":1,"pt":{"a":0,"k":5,"ix":3},"p":{"a":0,"k":[0,0],"ix":4},"r":{"a":0,"k":0,"ix":5},"ir":{"a":0,"k":10,"ix":6},"is":{"a":0,"k":20,"ix":8},"or":{"a":0,"k":5.035,"ix":7},"os":{"a":0,"k":-125,"ix":9},"ix":1,"nm":"\r2222","mn":"ADBE Vector Shape - Star","hd":false},{"ty":"fl","c":{"a":0,"k":[1,0.945098042488,0.407843142748,1],"ix":4},"o":{"a":0,"k":100,"ix":5},"r":1,"nm":"\rtiancheng2","mn":"ADBE Vector Graphic - Fill","hd":false},{"ty":"tr","p":{"a":0,"k":[-93,-23.25],"ix":2},"a":{"a":0,"k":[0,0],"ix":1},"s":{"a":1,"k":[{"i":{"x":[0.667,0.667],"y":[1,1]},"o":{"x":[0.333,0.333],"y":[0,0]},"n":["0p667_1_0p333_0","0p667_1_0p333_0"],"t":10,"s":[9,9],"e":[145,145]},{"t":28.000390625}],"ix":3},"r":{"a":0,"k":34,"ix":6},"o":{"a":1,"k":[{"i":{"x":[0.667],"y":[1]},"o":{"x":[0.333],"y":[0]},"n":["0p667_1_0p333_0"],"t":10,"s":[0],"e":[100]},{"i":{"x":[0.667],"y":[1]},"o":{"x":[0.333],"y":[0]},"n":["0p667_1_0p333_0"],"t":19.1,"s":[100],"e":[0]},{"t":28.000390625}],"ix":7},"sk":{"a":0,"k":0,"ix":4},"sa":{"a":0,"k":0,"ix":5},"nm":"变换"}],"nm":"\rxingxing2","np":2,"cix":2,"ix":1,"mn":"ADBE Vector Group","hd":false}],"ip":10,"op":28,"st":10,"bm":0},{"ddd":0,"ind":6,"ty":4,"nm":"\r6","sr":0.7,"ks":{"o":{"a":0,"k":100,"ix":11},"r":{"a":0,"k":0,"ix":10},"p":{"a":0,"k":[204.75,124.365,0],"ix":2},"a":{"a":0,"k":[-93,-23.635,0],"ix":1},"s":{"a":0,"k":[93,93,100],"ix":6}},"ao":0,"shapes":[{"ty":"gr","it":[{"ty":"sr","sy":1,"d":1,"pt":{"a":0,"k":5,"ix":3},"p":{"a":0,"k":[0,0],"ix":4},"r":{"a":0,"k":0,"ix":5},"ir":{"a":0,"k":10,"ix":6},"is":{"a":0,"k":20,"ix":8},"or":{"a":0,"k":5.035,"ix":7},"os":{"a":0,"k":-125,"ix":9},"ix":1,"nm":"1111","mn":"ADBE Vector Shape - Star","hd":false},{"ty":"fl","c":{"a":0,"k":[1,0.937254905701,0.364705890417,1],"ix":4},"o":{"a":0,"k":100,"ix":5},"r":1,"nm":"\rtiancheng","mn":"ADBE Vector Graphic - Fill","hd":false},{"ty":"tr","p":{"a":0,"k":[-93,-23.25],"ix":2},"a":{"a":0,"k":[0,0],"ix":1},"s":{"a":1,"k":[{"i":{"x":[0.667,0.667],"y":[1,1]},"o":{"x":[0.333,0.333],"y":[0,0]},"n":["0p667_1_0p333_0","0p667_1_0p333_0"],"t":0,"s":[9,9],"e":[145,145]},{"t":18.000390625}],"ix":3},"r":{"a":0,"k":34,"ix":6},"o":{"a":1,"k":[{"i":{"x":[0.667],"y":[1]},"o":{"x":[0.333],"y":[0]},"n":["0p667_1_0p333_0"],"t":0,"s":[0],"e":[100]},{"i":{"x":[0.667],"y":[1]},"o":{"x":[0.333],"y":[0]},"n":["0p667_1_0p333_0"],"t":9.1,"s":[100],"e":[0]},{"t":18.000390625}],"ix":7},"sk":{"a":0,"k":0,"ix":4},"sa":{"a":0,"k":0,"ix":5},"nm":"变换"}],"nm":"\rxingxing","np":2,"cix":2,"ix":1,"mn":"ADBE Vector Group","hd":false}],"ip":0,"op":18,"st":0,"bm":0},{"ddd":0,"ind":7,"ty":2,"nm":"位图.png","cl":"png","refId":"image_0","sr":1,"ks":{"o":{"a":0,"k":100,"ix":11},"r":{"a":1,"k":[{"i":{"x":[0.667],"y":[1]},"o":{"x":[0.333],"y":[0]},"n":["0p667_1_0p333_0"],"t":0,"s":[0],"e":[3]},{"i":{"x":[0.667],"y":[1]},"o":{"x":[0.333],"y":[0]},"n":["0p667_1_0p333_0"],"t":30,"s":[3],"e":[0]},{"t":59}],"ix":10},"p":{"a":1,"k":[{"i":{"x":0.464,"y":1},"o":{"x":0.527,"y":0.006},"n":"0p464_1_0p527_0p006","t":0,"s":[201,475,0],"e":[121,525,0],"to":[-13.3333330154419,8.33333301544189,0],"ti":[0,0,0]},{"i":{"x":0.667,"y":1},"o":{"x":0.547,"y":0.006},"n":"0p667_1_0p547_0p006","t":30,"s":[121,525,0],"e":[201,475,0],"to":[0,0,0],"ti":[-13.3333330154419,8.33333301544189,0]},{"t":59}],"ix":2},"a":{"a":0,"k":[189,138,0],"ix":1},"s":{"a":1,"k":[{"i":{"x":[0.464,0.464,0.667],"y":[1,1,1]},"o":{"x":[0.527,0.527,0.333],"y":[0.105,0.105,0]},"n":["0p464_1_0p527_0p105","0p464_1_0p527_0p105","0p667_1_0p333_0"],"t":0,"s":[88,88,100],"e":[93,93,100]},{"i":{"x":[0.667,0.667,0.667],"y":[1,1,1]},"o":{"x":[0.547,0.547,0.333],"y":[-0.106,-0.106,0]},"n":["0p667_1_0p547_-0p106","0p667_1_0p547_-0p106","0p667_1_0p333_0"],"t":30,"s":[93,93,100],"e":[88,88,100]},{"t":59}],"ix":6}},"ao":0,"ip":0,"op":60,"st":0,"bm":0},{"ddd":0,"ind":8,"ty":2,"nm":"完成按钮.png","cl":"png","refId":"image_1","sr":1,"ks":{"o":{"a":0,"k":100,"ix":11},"r":{"a":0,"k":0,"ix":10},"p":{"a":0,"k":[626,466.5,0],"ix":2},"a":{"a":0,"k":[266,91.5,0],"ix":1},"s":{"a":0,"k":[100,100,100],"ix":6}},"ao":0,"ip":0,"op":60,"st":0,"bm":0},{"ddd":0,"ind":9,"ty":2,"nm":"人.png","cl":"png","refId":"image_2","sr":1,"ks":{"o":{"a":0,"k":100,"ix":11},"r":{"a":0,"k":0,"ix":10},"p":{"a":1,"k":[{"i":{"x":0.667,"y":1},"o":{"x":0.333,"y":0},"n":"0p667_1_0p333_0","t":0,"s":[888,364.5,0],"e":[928,384.5,0],"to":[6.66666650772095,3.33333325386047,0],"ti":[0,0,0]},{"i":{"x":0.667,"y":1},"o":{"x":0.333,"y":0},"n":"0p667_1_0p333_0","t":35,"s":[928,384.5,0],"e":[888,364.5,0],"to":[0,0,0],"ti":[6.66666650772095,3.33333325386047,0]},{"t":59}],"ix":2},"a":{"a":0,"k":[259.5,216,0],"ix":1},"s":{"a":1,"k":[{"i":{"x":[0.667,0.667,0.667],"y":[1,1,1]},"o":{"x":[0.333,0.333,0.333],"y":[0,0,0]},"n":["0p667_1_0p333_0","0p667_1_0p333_0","0p667_1_0p333_0"],"t":0,"s":[95,95,100],"e":[100,100,100]},{"i":{"x":[0.667,0.667,0.667],"y":[1,1,1]},"o":{"x":[0.333,0.333,0.333],"y":[0,0,0]},"n":["0p667_1_0p333_0","0p667_1_0p333_0","0p667_1_0p333_0"],"t":35,"s":[100,100,100],"e":[95,95,100]},{"t":59}],"ix":6}},"ao":0,"ip":0,"op":60,"st":0,"bm":0},{"ddd":0,"ind":10,"ty":2,"nm":"文字.png","cl":"png","refId":"image_3","sr":1,"ks":{"o":{"a":0,"k":100,"ix":11},"r":{"a":0,"k":0,"ix":10},"p":{"a":1,"k":[{"i":{"x":0.667,"y":1},"o":{"x":0.333,"y":0},"n":"0p667_1_0p333_0","t":0,"s":[626,196.5,0],"e":[626,207.5,0],"to":[0,1.83333337306976,0],"ti":[0,0,0]},{"i":{"x":0.667,"y":1},"o":{"x":0.333,"y":0},"n":"0p667_1_0p333_0","t":30,"s":[626,207.5,0],"e":[626,196.5,0],"to":[0,0,0],"ti":[0,1.83333337306976,0]},{"t":59}],"ix":2},"a":{"a":0,"k":[499,162,0],"ix":1},"s":{"a":0,"k":[100,100,100],"ix":6}},"ao":0,"ip":0,"op":60,"st":0,"bm":0}],"markers":[]}
