{"v":"5.2.0","fr":30,"ip":0,"op":90,"w":750,"h":260,"nm":"双11福气大红包","ddd":0,"assets":[{"id":"image_0","w":364,"h":135,"u":"images/","p":"img_0.png","e":0},{"id":"image_1","w":22,"h":36,"u":"images/","p":"img_1.png","e":0},{"id":"image_2","w":43,"h":36,"u":"images/","p":"img_2.png","e":0},{"id":"image_3","w":25,"h":21,"u":"images/","p":"img_3.png","e":0},{"id":"image_4","w":30,"h":26,"u":"images/","p":"img_4.png","e":0},{"id":"image_5","w":54,"h":45,"u":"images/","p":"img_5.png","e":0},{"id":"image_6","w":39,"h":43,"u":"images/","p":"img_6.png","e":0},{"id":"image_7","w":371,"h":239,"u":"images/","p":"img_7.png","e":0},{"id":"image_8","w":700,"h":700,"u":"images/","p":"img_8.png","e":0},{"id":"comp_0","layers":[{"ddd":0,"ind":1,"ty":0,"nm":"预合成 32","refId":"comp_1","sr":1,"ks":{"o":{"a":1,"k":[{"i":{"x":[0.833],"y":[0.833]},"o":{"x":[0.167],"y":[0.167]},"n":["0p833_0p833_0p167_0p167"],"t":0,"s":[0],"e":[100]},{"i":{"x":[0.833],"y":[0.833]},"o":{"x":[0.167],"y":[0.167]},"n":["0p833_0p833_0p167_0p167"],"t":19,"s":[100],"e":[100]},{"i":{"x":[0.833],"y":[0.833]},"o":{"x":[0.167],"y":[0.167]},"n":["0p833_0p833_0p167_0p167"],"t":66,"s":[100],"e":[0]},{"t":89}],"ix":11},"r":{"a":1,"k":[{"i":{"x":[0.833],"y":[0.833]},"o":{"x":[0.167],"y":[0.167]},"n":["0p833_0p833_0p167_0p167"],"t":0,"s":[0],"e":[97]},{"t":89}],"ix":10},"p":{"a":0,"k":[391,124,0],"ix":2},"a":{"a":0,"k":[350,350,0],"ix":1},"s":{"a":0,"k":[100,100,100],"ix":6}},"ao":0,"w":700,"h":700,"ip":0,"op":90,"st":0,"bm":0}]},{"id":"comp_1","layers":[{"ddd":0,"ind":1,"ty":2,"nm":"预合成 32_00000.png","cl":"png","refId":"image_8","sr":1,"ks":{"o":{"a":0,"k":100,"ix":11},"r":{"a":0,"k":0,"ix":10},"p":{"a":0,"k":[350,350,0],"ix":2},"a":{"a":0,"k":[350,350,0],"ix":1},"s":{"a":0,"k":[100,100,100],"ix":6}},"ao":0,"ip":0,"op":90,"st":0,"bm":0}]}],"layers":[{"ddd":0,"ind":1,"ty":2,"nm":"Group 5 Copy备份 2.png","cl":"png","refId":"image_0","sr":1,"ks":{"o":{"a":0,"k":100,"ix":11},"r":{"a":0,"k":0,"ix":10},"p":{"a":1,"k":[{"i":{"x":0.667,"y":1},"o":{"x":0.333,"y":0},"n":"0p667_1_0p333_0","t":0,"s":[379,211,0],"e":[379,217.5,0],"to":[0,1.08333337306976,0],"ti":[0,0,0]},{"i":{"x":0.667,"y":1},"o":{"x":0.333,"y":0},"n":"0p667_1_0p333_0","t":16,"s":[379,217.5,0],"e":[379,211,0],"to":[0,0,0],"ti":[0,0,0]},{"i":{"x":0.667,"y":1},"o":{"x":0.333,"y":0},"n":"0p667_1_0p333_0","t":30,"s":[379,211,0],"e":[379,217.5,0],"to":[0,0,0],"ti":[0,0,0]},{"i":{"x":0.667,"y":1},"o":{"x":0.333,"y":0},"n":"0p667_1_0p333_0","t":46,"s":[379,217.5,0],"e":[379,211,0],"to":[0,0,0],"ti":[0,0,0]},{"i":{"x":0.667,"y":1},"o":{"x":0.333,"y":0},"n":"0p667_1_0p333_0","t":60,"s":[379,211,0],"e":[379,217.5,0],"to":[0,0,0],"ti":[0,0,0]},{"i":{"x":0.667,"y":1},"o":{"x":0.333,"y":0},"n":"0p667_1_0p333_0","t":76,"s":[379,217.5,0],"e":[379,211,0],"to":[0,0,0],"ti":[0,1.08333337306976,0]},{"t":90}],"ix":2},"a":{"a":0,"k":[182,67.5,0],"ix":1},"s":{"a":0,"k":[100,100,100],"ix":6}},"ao":0,"ip":0,"op":90,"st":0,"bm":0},{"ddd":0,"ind":2,"ty":2,"nm":"位图.png","cl":"png","refId":"image_1","sr":1,"ks":{"o":{"a":0,"k":100,"ix":11},"r":{"a":1,"k":[{"i":{"x":[0.833],"y":[0.833]},"o":{"x":[0.167],"y":[0.167]},"n":["0p833_0p833_0p167_0p167"],"t":0,"s":[0],"e":[288]},{"t":89}],"ix":10},"p":{"a":1,"k":[{"i":{"x":0.833,"y":0.833},"o":{"x":0.167,"y":0.167},"n":"0p833_0p833_0p167_0p167","t":0,"s":[585,-19,0],"e":[583,302,0],"to":[-81.3333358764648,221.5,0],"ti":[50.5,-174.5,0]},{"t":89}],"ix":2},"a":{"a":0,"k":[11,18,0],"ix":1},"s":{"a":0,"k":[100,100,100],"ix":6}},"ao":0,"ip":0,"op":90,"st":0,"bm":0},{"ddd":0,"ind":3,"ty":2,"nm":"位图备份 8.png","cl":"png","refId":"image_2","sr":1,"ks":{"o":{"a":0,"k":100,"ix":11},"r":{"a":1,"k":[{"i":{"x":[0.833],"y":[0.833]},"o":{"x":[0.167],"y":[0.167]},"n":["0p833_0p833_0p167_0p167"],"t":0,"s":[123.449],"e":[-139.6]},{"t":89}],"ix":10},"p":{"a":1,"k":[{"i":{"x":0.833,"y":0.833},"o":{"x":0.167,"y":0.167},"n":"0p833_0p833_0p167_0p167","t":0,"s":[475.045,-133.484,0],"e":[475.045,139.516,0],"to":[0,0,0],"ti":[-1.68156349658966,-94.1675567626953,0]},{"t":89}],"ix":2},"a":{"a":0,"k":[21.5,18,0],"ix":1},"s":{"a":0,"k":[100,100,100],"ix":6}},"ao":0,"ip":0,"op":100,"st":10,"bm":0},{"ddd":0,"ind":4,"ty":2,"nm":"位图备份 8.png","cl":"png","refId":"image_2","sr":1,"ks":{"o":{"a":0,"k":100,"ix":11},"r":{"a":1,"k":[{"i":{"x":[0.833],"y":[0.833]},"o":{"x":[0.167],"y":[0.167]},"n":["0p833_0p833_0p167_0p167"],"t":0,"s":[-139.551],"e":[-276]},{"t":89}],"ix":10},"p":{"a":1,"k":[{"i":{"x":0.833,"y":0.833},"o":{"x":0.167,"y":0.167},"n":"0p833_0p833_0p167_0p167","t":0,"s":[475.045,139.516,0],"e":[479,455,0],"to":[1.65160822868347,92.4900588989258,0],"ti":[-0.6606752872467,-36.9978179931641,0]},{"t":89}],"ix":2},"a":{"a":0,"k":[21.5,18,0],"ix":1},"s":{"a":0,"k":[100,100,100],"ix":6}},"ao":0,"ip":0,"op":100,"st":10,"bm":0},{"ddd":0,"ind":5,"ty":2,"nm":"位图备份 7.png","cl":"png","refId":"image_3","sr":1,"ks":{"o":{"a":0,"k":100,"ix":11},"r":{"a":1,"k":[{"i":{"x":[0.833],"y":[0.833]},"o":{"x":[0.167],"y":[0.167]},"n":["0p833_0p833_0p167_0p167"],"t":0,"s":[149],"e":[0]},{"t":89}],"ix":10},"p":{"a":1,"k":[{"i":{"x":0.833,"y":0.833},"o":{"x":0.167,"y":0.167},"n":"0p833_0p833_0p167_0p167","t":0,"s":[155,-63,0],"e":[159,99,0],"to":[0,0,0],"ti":[54.3333320617676,-94.6666641235352,0]},{"t":89}],"ix":2},"a":{"a":0,"k":[12.5,10.5,0],"ix":1},"s":{"a":0,"k":[100,100,100],"ix":6}},"ao":0,"ip":0,"op":90,"st":0,"bm":0},{"ddd":0,"ind":6,"ty":2,"nm":"位图备份 7.png","cl":"png","refId":"image_3","sr":1,"ks":{"o":{"a":0,"k":100,"ix":11},"r":{"a":1,"k":[{"i":{"x":[0.833],"y":[0.833]},"o":{"x":[0.167],"y":[0.167]},"n":["0p833_0p833_0p167_0p167"],"t":0,"s":[0],"e":[116]},{"t":89}],"ix":10},"p":{"a":1,"k":[{"i":{"x":0.833,"y":0.833},"o":{"x":0.167,"y":0.167},"n":"0p833_0p833_0p167_0p167","t":0,"s":[159,99,0],"e":[163,319,0],"to":[8.66666698455811,37.6666679382324,0],"ti":[36.3333320617676,-136.66667175293,0]},{"t":89}],"ix":2},"a":{"a":0,"k":[12.5,10.5,0],"ix":1},"s":{"a":0,"k":[100,100,100],"ix":6}},"ao":0,"ip":0,"op":90,"st":0,"bm":0},{"ddd":0,"ind":7,"ty":2,"nm":"位图备份 5.png","cl":"png","refId":"image_4","sr":1,"ks":{"o":{"a":0,"k":100,"ix":11},"r":{"a":1,"k":[{"i":{"x":[0.833],"y":[0.833]},"o":{"x":[0.167],"y":[0.167]},"n":["0p833_0p833_0p167_0p167"],"t":0,"s":[281],"e":[0]},{"t":89}],"ix":10},"p":{"a":1,"k":[{"i":{"x":0.833,"y":0.833},"o":{"x":0.167,"y":0.167},"n":"0p833_0p833_0p167_0p167","t":0,"s":[93,-27,0],"e":[106,193,0],"to":[0,0,0],"ti":[-63.3333320617676,-108.833335876465,0]},{"t":89}],"ix":2},"a":{"a":0,"k":[15,13,0],"ix":1},"s":{"a":0,"k":[-100,100,100],"ix":6}},"ao":0,"ip":0,"op":90,"st":0,"bm":0},{"ddd":0,"ind":8,"ty":2,"nm":"位图备份 5.png","cl":"png","refId":"image_4","sr":1,"ks":{"o":{"a":0,"k":100,"ix":11},"r":{"a":1,"k":[{"i":{"x":[0.833],"y":[0.833]},"o":{"x":[0.167],"y":[0.167]},"n":["0p833_0p833_0p167_0p167"],"t":0,"s":[0],"e":[-198]},{"t":89}],"ix":10},"p":{"a":1,"k":[{"i":{"x":0.833,"y":0.833},"o":{"x":0.167,"y":0.167},"n":"0p833_0p833_0p167_0p167","t":0,"s":[106,193,0],"e":[108,384,0],"to":[-44.6666679382324,54.8333320617676,0],"ti":[59.6666679382324,-60.8333320617676,0]},{"t":89}],"ix":2},"a":{"a":0,"k":[15,13,0],"ix":1},"s":{"a":0,"k":[-100,100,100],"ix":6}},"ao":0,"ip":0,"op":90,"st":0,"bm":0},{"ddd":0,"ind":9,"ty":2,"nm":"位图备份 5.png","cl":"png","refId":"image_4","sr":1,"ks":{"o":{"a":0,"k":100,"ix":11},"r":{"a":1,"k":[{"i":{"x":[0.833],"y":[0.833]},"o":{"x":[0.167],"y":[0.167]},"n":["0p833_0p833_0p167_0p167"],"t":0,"s":[266],"e":[0]},{"t":89}],"ix":10},"p":{"a":1,"k":[{"i":{"x":0.833,"y":0.833},"o":{"x":0.167,"y":0.167},"n":"0p833_0p833_0p167_0p167","t":0,"s":[652,-80,0],"e":[665,121,0],"to":[0,0,0],"ti":[-106.333335876465,-130.5,0]},{"t":89}],"ix":2},"a":{"a":0,"k":[15,13,0],"ix":1},"s":{"a":0,"k":[100,100,100],"ix":6}},"ao":0,"ip":0,"op":90,"st":0,"bm":0},{"ddd":0,"ind":10,"ty":2,"nm":"位图备份 5.png","cl":"png","refId":"image_4","sr":1,"ks":{"o":{"a":0,"k":100,"ix":11},"r":{"a":1,"k":[{"i":{"x":[0.833],"y":[0.833]},"o":{"x":[0.167],"y":[0.167]},"n":["0p833_0p833_0p167_0p167"],"t":0,"s":[0],"e":[-262]},{"t":89}],"ix":10},"p":{"a":1,"k":[{"i":{"x":0.833,"y":0.833},"o":{"x":0.167,"y":0.167},"n":"0p833_0p833_0p167_0p167","t":0,"s":[665,121,0],"e":[661,370,0],"to":[-81.6666641235352,145.5,0],"ti":[0.66666668653488,-41.5,0]},{"t":89}],"ix":2},"a":{"a":0,"k":[15,13,0],"ix":1},"s":{"a":0,"k":[100,100,100],"ix":6}},"ao":0,"ip":0,"op":90,"st":0,"bm":0},{"ddd":0,"ind":11,"ty":2,"nm":"位图备份 3.png","cl":"png","refId":"image_5","sr":1,"ks":{"o":{"a":0,"k":100,"ix":11},"r":{"a":1,"k":[{"i":{"x":[0.833],"y":[0.833]},"o":{"x":[0.167],"y":[0.167]},"n":["0p833_0p833_0p167_0p167"],"t":0,"s":[-234],"e":[0]},{"t":89}],"ix":10},"p":{"a":1,"k":[{"i":{"x":0.833,"y":0.833},"o":{"x":0.167,"y":0.167},"n":"0p833_0p833_0p167_0p167","t":0,"s":[243,-71,0],"e":[246,106,0],"to":[0,0,0],"ti":[-36.8333320617676,-117.333335876465,0]},{"t":89}],"ix":2},"a":{"a":0,"k":[27,22.5,0],"ix":1},"s":{"a":0,"k":[100,100,100],"ix":6}},"ao":0,"ip":0,"op":90,"st":0,"bm":0},{"ddd":0,"ind":12,"ty":2,"nm":"位图备份 3.png","cl":"png","refId":"image_5","sr":1,"ks":{"o":{"a":0,"k":100,"ix":11},"r":{"a":1,"k":[{"i":{"x":[0.833],"y":[0.833]},"o":{"x":[0.167],"y":[0.167]},"n":["0p833_0p833_0p167_0p167"],"t":0,"s":[0],"e":[236]},{"t":89}],"ix":10},"p":{"a":1,"k":[{"i":{"x":0.833,"y":0.833},"o":{"x":0.167,"y":0.167},"n":"0p833_0p833_0p167_0p167","t":0,"s":[246,106,0],"e":[251,324,0],"to":[-12.1666669845581,124.333335876465,0],"ti":[-16.8333339691162,-111.333335876465,0]},{"t":89}],"ix":2},"a":{"a":0,"k":[27,22.5,0],"ix":1},"s":{"a":0,"k":[100,100,100],"ix":6}},"ao":0,"ip":0,"op":90,"st":0,"bm":0},{"ddd":0,"ind":13,"ty":2,"nm":"位图备份 2.png","cl":"png","refId":"image_6","sr":1,"ks":{"o":{"a":0,"k":100,"ix":11},"r":{"a":1,"k":[{"i":{"x":[0.833],"y":[0.833]},"o":{"x":[0.167],"y":[0.167]},"n":["0p833_0p833_0p167_0p167"],"t":0,"s":[-165],"e":[0]},{"t":89}],"ix":10},"p":{"a":1,"k":[{"i":{"x":0.833,"y":0.833},"o":{"x":0.167,"y":0.167},"n":"0p833_0p833_0p167_0p167","t":0,"s":[576,-67,0],"e":[579,87,0],"to":[0.5,25.6666660308838,0],"ti":[-0.5,-25.6666660308838,0]},{"t":89}],"ix":2},"a":{"a":0,"k":[19.5,21.5,0],"ix":1},"s":{"a":0,"k":[100,100,100],"ix":6}},"ao":0,"ip":0,"op":90,"st":0,"bm":0},{"ddd":0,"ind":14,"ty":2,"nm":"位图备份 2.png","cl":"png","refId":"image_6","sr":1,"ks":{"o":{"a":0,"k":100,"ix":11},"r":{"a":1,"k":[{"i":{"x":[0.833],"y":[0.833]},"o":{"x":[0.167],"y":[0.167]},"n":["0p833_0p833_0p167_0p167"],"t":0,"s":[-56],"e":[94]},{"i":{"x":[0.833],"y":[0.833]},"o":{"x":[0.167],"y":[0.167]},"n":["0p833_0p833_0p167_0p167"],"t":89,"s":[94],"e":[136]},{"t":178}],"ix":10},"p":{"a":1,"k":[{"i":{"x":0.833,"y":0.833},"o":{"x":0.167,"y":0.167},"n":"0p833_0p833_0p167_0p167","t":0,"s":[167,-100,0],"e":[167,152,0],"to":[0,42,0],"ti":[0,-80.8333358764648,0]},{"i":{"x":0.833,"y":0.833},"o":{"x":0.167,"y":0.167},"n":"0p833_0p833_0p167_0p167","t":89,"s":[167,152,0],"e":[167,385,0],"to":[0,80.8333358764648,0],"ti":[0,-38.8333320617676,0]},{"t":178}],"ix":2},"a":{"a":0,"k":[19.5,21.5,0],"ix":1},"s":{"a":0,"k":[100,100,100],"ix":6}},"ao":0,"ip":0,"op":90,"st":0,"bm":0},{"ddd":0,"ind":15,"ty":2,"nm":"位图备份 2.png","cl":"png","refId":"image_6","sr":1,"ks":{"o":{"a":0,"k":100,"ix":11},"r":{"a":1,"k":[{"i":{"x":[0.833],"y":[0.833]},"o":{"x":[0.167],"y":[0.167]},"n":["0p833_0p833_0p167_0p167"],"t":0,"s":[94],"e":[136]},{"t":89}],"ix":10},"p":{"a":1,"k":[{"i":{"x":0.833,"y":0.833},"o":{"x":0.167,"y":0.167},"n":"0p833_0p833_0p167_0p167","t":0,"s":[167,152,0],"e":[167,385,0],"to":[0,38.8333320617676,0],"ti":[0,-38.8333320617676,0]},{"t":89}],"ix":2},"a":{"a":0,"k":[19.5,21.5,0],"ix":1},"s":{"a":0,"k":[100,100,100],"ix":6}},"ao":0,"ip":0,"op":90,"st":0,"bm":0},{"ddd":0,"ind":16,"ty":2,"nm":"位图备份 2.png","cl":"png","refId":"image_6","sr":1,"ks":{"o":{"a":0,"k":100,"ix":11},"r":{"a":1,"k":[{"i":{"x":[0.833],"y":[0.833]},"o":{"x":[0.167],"y":[0.167]},"n":["0p833_0p833_0p167_0p167"],"t":0,"s":[0],"e":[136]},{"t":89}],"ix":10},"p":{"a":1,"k":[{"i":{"x":0.833,"y":0.833},"o":{"x":0.167,"y":0.167},"n":"0p833_0p833_0p167_0p167","t":0,"s":[579,87,0],"e":[579,320,0],"to":[0,38.8333320617676,0],"ti":[0,-38.8333320617676,0]},{"t":89}],"ix":2},"a":{"a":0,"k":[19.5,21.5,0],"ix":1},"s":{"a":0,"k":[100,100,100],"ix":6}},"ao":0,"ip":0,"op":90,"st":0,"bm":0},{"ddd":0,"ind":17,"ty":2,"nm":"菜小鸟备份.png","cl":"png","refId":"image_7","sr":1,"ks":{"o":{"a":0,"k":100,"ix":11},"r":{"a":0,"k":0,"ix":10},"p":{"a":1,"k":[{"i":{"x":0.833,"y":1},"o":{"x":0.333,"y":0},"n":"0p833_1_0p333_0","t":0,"s":[374,125,0],"e":[374,122,0],"to":[0,-0.5,0],"ti":[0,0,0]},{"i":{"x":0.833,"y":1},"o":{"x":0.333,"y":0},"n":"0p833_1_0p333_0","t":15,"s":[374,122,0],"e":[374,125,0],"to":[0,0,0],"ti":[0,0,0]},{"i":{"x":0.833,"y":1},"o":{"x":0.333,"y":0},"n":"0p833_1_0p333_0","t":30,"s":[374,125,0],"e":[374,122,0],"to":[0,0,0],"ti":[0,0,0]},{"i":{"x":0.833,"y":1},"o":{"x":0.333,"y":0},"n":"0p833_1_0p333_0","t":45,"s":[374,122,0],"e":[374,125,0],"to":[0,0,0],"ti":[0,0,0]},{"i":{"x":0.833,"y":1},"o":{"x":0.333,"y":0},"n":"0p833_1_0p333_0","t":61,"s":[374,125,0],"e":[374,122,0],"to":[0,0,0],"ti":[0,0,0]},{"i":{"x":0.833,"y":1},"o":{"x":0.333,"y":0},"n":"0p833_1_0p333_0","t":76,"s":[374,122,0],"e":[374,125,0],"to":[0,0,0],"ti":[0,-0.5,0]},{"t":90}],"ix":2},"a":{"a":0,"k":[185.5,119.5,0],"ix":1},"s":{"a":0,"k":[100,100,100],"ix":6}},"ao":0,"ip":0,"op":90,"st":0,"bm":0},{"ddd":0,"ind":18,"ty":0,"nm":"预合成 32 合成 1","refId":"comp_0","sr":1,"ks":{"o":{"a":0,"k":50,"ix":11},"r":{"a":0,"k":0,"ix":10},"p":{"a":0,"k":[375,130,0],"ix":2},"a":{"a":0,"k":[375,130,0],"ix":1},"s":{"a":0,"k":[100,100,100],"ix":6}},"ao":0,"w":750,"h":260,"ip":0,"op":90,"st":0,"bm":0}],"markers":[]}