<animated-vector xmlns:android="http://schemas.android.com/apk/res/android" xmlns:aapt="http://schemas.android.com/aapt"><aapt:attr name="android:drawable"><vector android:height="520dp" android:width="1500dp" android:viewportHeight="520" android:viewportWidth="1500"><group android:name="_R_G"><group android:name="_R_G_L_1_G" android:translateX="336" android:translateY="122" android:pivotX="375" android:pivotY="130" android:scaleX="2.03077" android:scaleY="2.03077"><group android:name="_R_G_L_1_G_L_0_G" android:translateX="41" android:translateY="-226" android:pivotX="350" android:pivotY="350" android:rotation="0"/></group><group android:name="_R_G_L_0_G" android:translateX="698" android:translateY="234" android:pivotX="750" android:pivotY="260" android:scaleX="1.91733" android:scaleY="1.91733"/></group><group android:name="time_group"/></vector></aapt:attr><target android:name="_R_G_L_1_G_L_0_G"><aapt:attr name="android:animation"><set android:ordering="together"><objectAnimator android:propertyName="rotation" android:duration="2967" android:startOffset="0" android:valueFrom="0" android:valueTo="97" android:valueType="floatType"><aapt:attr name="android:interpolator"><pathInterpolator android:pathData="M 0.0,0.0 c0.167,0.167 0.833,0.833 1.0,1.0"/></aapt:attr></objectAnimator></set></aapt:attr></target><target android:name="time_group"><aapt:attr name="android:animation"><set android:ordering="together"><objectAnimator android:propertyName="translateX" android:duration="3000" android:startOffset="0" android:valueFrom="0" android:valueTo="1" android:valueType="floatType"/></set></aapt:attr></target></animated-vector>