{
  "homeviewcontroller" : {
    "actionTextSize" : {
      "sourcetype" : "3",
      "textSize" : "13",
      "textBold" : "false"
    },
    "head_search_button_backgroundcolor" : {
      "sourcetype" : "1",
      "color" : "0x00000000"
    },
    "head_search_button_textcolor" : {
      "sourcetype" : "1",
      "color" : "0x00000000"
    },"head_search_bordercolor": {
            "sourcetype": "1",
            "color": "0x00000000"
    },
    "homepage_bar_message_icon_image" : {
      "sourcetype" : "2",
      "imageInfo" : "homepage_bar_message_icon_image_homeviewcontroller.png",
      "imageInfoIsLocal" : "false"
    },
    "head_search_highlight_bordercolor" : {
      "sourcetype" : "1",
      "color" : "0x99FFFFFF"
    },
    "barStatusBarColor" : {
      "sourcetype" : "1",
      "color" : "0xFFCDFF"
    },
    "head_scan_text_color" : {
      "sourcetype" : "1",
      "color" : "0xFFFFFF"
    },
    "navigationBarLineColor" : {
      "sourcetype" : "1",
      "color" : "0xe9e9e9"
    },
    "action_banner" : {
      "sourcetype" : "7",
      "isLocal" : "false",
      "lotDicInfo" : "action_banner"
    },
    "head_search_line_color" : {
      "sourcetype" : "1",
      "color" : "0x00E8E8E8"
    },
    "homepage_shortcut_button_image" : {
      "sourcetype" : "5",
      "imageDicInfo" : "homepage_shortcut_button_image",
      "imageDicIsLocal" : "true"
    },
    "homepage_search_bar_backgroundcolor" : {
      "sourcetype" : "1",
      "color" : "0x33dddddd"
    },
    "actionBannerViewBackgroundImage" : {
      "sourcetype" : "2",
      "imageInfo" : "actionBannerViewBackgroundImage_homeviewcontroller.png",
      "imageInfoIsLocal" : "false"
    },
    "barSearchTextColor" : {
      "sourcetype" : "1",
      "color" : "0xFFFFFF"
    },
    "head_search_backgroundcolor" : {
      "sourcetype" : "1",
      "color" : "0x33FFFFFF"
    },
    "actionBannerViewBottomMark" : {
      "sourcetype" : "2",
      "imageInfo" : "actionBannerViewBottomMark_homeviewcontroller.png",
      "imageInfoIsLocal" : "false"
    },
    "head_search_hint_text_color" : {
      "sourcetype" : "1",
      "color" : "0xFFFFFF"
    },
    "barImportPackageTextColor" : {
      "sourcetype" : "1",
      "color" : "0xffffff"
    },
    "head_message_text_color" : {
      "sourcetype" : "1",
      "color" : "0xFFFFFF"
    },
    "homepage_bar_scan_icon_image" : {
      "sourcetype" : "2",
      "imageInfo" : "homepage_bar_scan_icon_image_homeviewcontroller.png",
      "imageInfoIsLocal" : "false"
    },
    "head_search_highlight_backgroundcolor" : {
      "sourcetype" : "1",
      "color" : "0x33FFFFFF"
    },
    "homepage_search_bar_search_icon" : {
      "sourcetype" : "2",
      "imageInfo" : "homepage_search_bar_search_icon_homeviewcontroller.png",
      "imageInfoIsLocal" : "false"
    },
    "homepage_bar_background_image" : {
      "sourcetype" : "2",
      "imageInfo" : "homepage_bar_background_image_homeviewcontroller.png",
      "imageInfoIsLocal" : "false"
    },
    "head_search_hint_highlight_text_color" : {
      "sourcetype" : "1",
      "color" : "0xFFFFFF"
    },
    "statusBarBackgroundImage" : {
      "sourcetype" : "2",
      "imageInfo" : "statusBarBackgroundImage_homeviewcontroller.png",
      "imageInfoIsLocal" : "false"
    }
  }
}
